image_path,class_label,target,tartaric acid,ph value,soluble salts,firmness,color,size
Pickable\fresa_000.jpg,Pickable,1,0.9788628473430319,3.798428236546964,14.016119292962737,2.1753721506242285,0.9228959228628875,47.43839297024142
Pickable\fresa_001.jpg,Pickable,1,0.843650985051199,4.365894452362108,12.111112495346685,2.800755706861524,0.8878365876589553,46.445099572775554
Pickable\fresa_002.jpg,Pickable,1,0.8096497468072009,3.5045424232020466,12.756660832161364,3.87497757075277,0.8820287091172793,50.37123656709618
Pickable\fresa_003.jpg,Pickable,1,0.6136507296635509,4.014479388972076,12.023788461663079,2.7096572540670705,0.8655914237961256,53.3556599548223
Pickable\fresa_004.jpg,Pickable,1,0.7722611797485601,4.134896465741146,10.652730594556028,2.2857171423261837,0.891331226799314,35.59204577241572
Pickable\fresa_005.jpg,Pickable,1,0.7645241020731014,3.919542549815477,14.164531407087761,2.613398814153264,0.9517060128792689,44.20027394568295
Pickable\fresa_006.jpg,Pickable,1,0.791725851851754,3.8409077772164455,12.66299568781472,3.1093666797972164,0.8698695155294826,47.754585733840194
Pickable\fresa_007.jpg,Pickable,1,0.7372999323176153,4.04984670311204,13.217181928338182,3.22210785707176,0.9027793652208084,40.35566349387389
Pickable\fresa_008.jpg,Pickable,1,0.7956181831024072,3.894481965561423,11.20726756806879,3.171060754524735,0.8721848912942815,49.00730121919902
Pickable\fresa_009.jpg,Pickable,1,0.7522781969640497,3.931347027482625,11.964840920769621,3.4706898670199626,0.8810691828285386,48.76919331841043
Pickable\fresa_010.jpg,Pickable,1,0.6686135246637318,3.9921240331674848,13.36057664102178,3.9469460201227275,0.9141396710488524,48.34890260983727
Pickable\fresa_011.jpg,Pickable,1,0.8884622380499585,3.888537043885423,11.64102385302769,3.018949495708084,0.9106603000244472,48.350927149499284
Pickable\fresa_012.jpg,Pickable,1,1.452444618637559,3.1642942944574353,6.674188141151568,5.974934807645997,0.5362470568144413,22.356267705425843
Pickable\fresa_013.jpg,Pickable,1,0.9709573063652949,4.157370697728539,10.867270537439786,2.982552027001727,0.9184253541775245,44.46420745257004
Pickable\fresa_014.jpg,Pickable,1,0.805003364217686,3.92179277160916,10.636411855693657,3.1580636727290012,0.8926137110448827,45.66074702361784
Pickable\fresa_015.jpg,Pickable,1,0.7595322585399109,4.033186941918342,12.82295690310388,3.569925080035074,0.9083721104697683,45.51837598794729
Pickable\fresa_016.jpg,Pickable,1,0.745464005238047,3.8488443721977927,11.934449542337703,3.1562609712044507,1.0137365984112026,46.7384061224975
Pickable\fresa_017.jpg,Pickable,1,0.6453522684417032,4.182653596583173,10.191501733508774,2.488854968131004,0.8990687178567636,47.84758800243116
Pickable\fresa_018.jpg,Pickable,1,1.5363714218809388,3.0405123589393384,6.550989853122937,5.467489574005392,0.531420993932763,26.43595200744025
Pickable\fresa_019.jpg,Pickable,1,0.6898932369888524,4.191288059333119,13.272692960736675,3.7225643537744006,0.9591363563904183,44.7512653401936
Pickable\fresa_020.jpg,Pickable,1,0.6814953472979828,3.3945903991528823,13.150295346535973,3.089362016020934,0.8495596080786482,45.30863610383299
Pickable\fresa_021.jpg,Pickable,1,0.779435010057746,3.8177648929627943,10.144374361844651,3.9108768796023967,0.8623542047466112,40.80112162187591
Pickable\fresa_022.jpg,Pickable,1,0.9486148355074591,3.68203710324938,12.099434899904132,3.492866015339335,0.8654087272316804,45.45873906929505
Pickable\fresa_023.jpg,Pickable,1,0.8236716267226912,4.202750620509843,13.293190024459205,2.2603007885721853,0.9277278771246186,44.6960028947383
Pickable\fresa_024.jpg,Pickable,1,0.6976214860073532,4.053704842675394,10.957806209006506,2.7546461772374147,0.8116446595410898,40.02993963158247
Pickable\fresa_025.jpg,Pickable,1,0.7287006799887951,3.7375699051357634,11.192831278427352,2.4222134696566435,0.8640624965636301,45.62699345899904
Pickable\fresa_026.jpg,Pickable,1,0.8625244966162829,3.8850536172298855,11.75469494553113,2.7210628174619464,0.849884559349096,44.95315509792572
Pickable\fresa_027.jpg,Pickable,1,0.7839486636813077,4.267349031792057,9.97267627648097,2.546446234719273,0.926643741298473,34.376982291586714
Pickable\fresa_028.jpg,Pickable,1,0.7231163649680771,3.986513694608397,12.211278858297058,3.0680094117097116,0.9060972192014185,43.15290515435792
Pickable\fresa_029.jpg,Pickable,1,0.7769969277722062,4.110174805617626,12.986985557173297,3.278054022792812,0.8893086718349071,41.95571271422091
Pickable\fresa_030.jpg,Pickable,1,0.8745056266405371,3.695805164249677,12.66037191983701,2.001983052160017,0.8908589854533877,38.118105118984516
Pickable\fresa_031.jpg,Pickable,1,0.9976110783126303,3.696139474626673,13.491794464890758,3.347957551711974,0.8453934083820323,41.01207471215124
Pickable\fresa_032.jpg,Pickable,1,0.6755876671044063,4.111066233223398,12.090011310986792,2.9060125553054315,0.8338559469180332,49.79749307491244
Pickable\fresa_033.jpg,Pickable,1,0.7373583088811632,4.45770859343735,11.965612255008752,3.4517764331168697,0.9374795174889616,53.70380482112546
Pickable\fresa_034.jpg,Pickable,1,0.7196233905423424,3.8882100234294676,11.807101992917232,2.8286931844370518,0.8648023484778768,44.25160895965234
Pickable\fresa_035.jpg,Pickable,1,0.558091682682133,4.114076791286862,11.294568829799939,1.8539201127579474,0.8925409719473475,44.57551639767894
Pickable\fresa_036.jpg,Pickable,1,0.7076207978304212,3.8066448416140606,10.920244964819927,2.909528063886231,0.8619746227859412,40.10681530837025
Pickable\fresa_037.jpg,Pickable,1,0.6976124239157162,4.245623142682828,11.251524415699155,3.147118548228355,0.8269265044150554,38.512896690534184
Pickable\fresa_038.jpg,Pickable,1,0.9123977958957469,3.9042306091541743,11.910221039153212,3.16204259471559,0.825750264342442,42.57570129940277
Pickable\fresa_039.jpg,Pickable,1,0.78680857671991,3.907921734182295,11.45415747089041,2.932173257858523,0.9132438076597391,42.61803609095706
Pickable\fresa_041.jpg,Pickable,1,0.6376714554164753,3.616342293601557,12.100928390083284,2.447099064710184,0.993988879391846,48.043272231585846
Pickable\fresa_042.jpg,Pickable,1,0.8646675452270173,3.91151132570373,12.073156910916724,2.513433600418007,0.8891835441039223,55.18255985431344
Pickable\fresa_044.jpg,Pickable,1,1.614043586369758,2.9515238928891487,6.471572432832595,5.853283995741501,0.5343131994667918,23.227708075540214
Pickable\fresa_045.jpg,Pickable,1,0.6256858963046541,4.2698212743379536,11.47797441323044,2.461064044718375,0.8841157961783457,42.55817522567749
Pickable\fresa_046.jpg,Pickable,1,0.7403350358315801,3.759109938664095,9.92130941076621,2.987253315936715,0.8893620476346673,50.151761064313376
Pickable\fresa_047.jpg,Pickable,1,0.7411405620311757,4.190081141983962,11.030492425998466,3.151750575037966,0.9190615776771217,38.52022359619595
Pickable\fresa_048.jpg,Pickable,1,0.7126117702237701,3.925058659923987,13.909026933479664,3.3659389466981424,0.8415681958547523,56.496425051260125
Pickable\fresa_049.jpg,Pickable,1,0.8029713815361017,3.935853160529711,12.747664675384197,3.154032116181781,0.8903558085277397,49.513684250908355
Pickable\fresa_050.jpg,Pickable,1,1.5963601042024158,2.961624844481886,6.596758693529115,4.852674597013504,0.5081775340991004,24.70584207380405
Pickable\fresa_051.jpg,Pickable,1,0.7732238135153944,3.652607960511881,11.790023263254247,3.2686447495551096,0.9176420196590508,47.70884394679913
Pickable\fresa_052.jpg,Pickable,1,0.9013183441886495,3.7498245687017344,11.90903342889197,2.9675633653383158,0.788514354303044,47.912240387735295
Pickable\fresa_054.jpg,Pickable,1,0.885279784095415,4.317349178308018,11.525106634346496,2.479064065144902,0.9464340856471762,43.42842872714088
Pickable\fresa_055.jpg,Pickable,1,0.9108187499934993,3.7536133597405623,12.192434555508632,3.4137178602035263,0.9415698554150191,45.860801333091096
Pickable\fresa_057.jpg,Pickable,1,0.9119390655318892,3.9043934780603564,12.683971602052086,2.950941934969869,0.9085656468650202,48.98392876150586
Pickable\fresa_058.jpg,Pickable,1,0.948754313199254,4.212287986485058,13.217858523468012,2.9399218792437325,0.9100672756189043,48.140434962112195
Pickable\fresa_059.jpg,Pickable,1,0.6881699315599635,3.5680724152431478,11.634326451839682,3.572950594897996,0.8844051320192073,39.539762776956145
Pickable\fresa_060.jpg,Pickable,1,0.8845833407057182,4.0791970991235935,11.706261609677332,3.2416365550556345,0.8804680400755736,42.44272132853176
Pickable\fresa_061.jpg,Pickable,1,0.6139110471057887,3.887599101382275,11.665582495275967,3.3077823364904564,0.9070283015320727,45.03248145110026
Pickable\fresa_062.jpg,Pickable,1,0.7397114895992782,4.026927930135177,12.027047348868468,3.945758549959457,0.8263452024661112,40.766180456916985
Pickable\fresa_063.jpg,Pickable,1,0.6085527956594186,4.16257342637952,13.061767772048634,3.554671814229227,0.8510464430945582,47.0783219268916
Pickable\fresa_064.jpg,Pickable,1,0.9048147512246256,3.9588972522111243,11.242005186668415,3.406575442860619,0.868775138479526,39.24916469144774
Pickable\fresa_065.jpg,Pickable,1,0.9333737819442487,3.9499329440643782,14.20697172166839,3.0431039031625295,1.0041834671385765,43.9751672274618
Pickable\fresa_066.jpg,Pickable,1,0.7802585320841751,4.134521062572881,12.554796508277022,2.002706728261807,0.8743843914333813,46.45185351018467
Pickable\fresa_067.jpg,Pickable,1,0.9774645031405935,4.116890909360306,13.1111039993469,1.7780708515785675,0.9934728660349951,42.93106796659454
Pickable\fresa_068.jpg,Pickable,1,0.7325272489688287,3.845414724551199,11.096762756238396,2.5137618736338285,0.8593886046660542,46.709703683174226
Pickable\fresa_069.jpg,Pickable,1,0.8150616865365022,3.9517719425796622,11.62457066210971,4.114025116691581,0.7246931723419706,39.152918894805744
Pickable\fresa_070.jpg,Pickable,1,0.8152945702762482,3.720522671117158,11.475378731390702,2.895573739994838,0.885246215847339,46.037621943590345
Pickable\fresa_071.jpg,Pickable,1,0.6935804726063476,4.247666625969764,12.04709982984903,2.7524356983259035,0.8984517726560233,52.1209502554038
Pickable\fresa_072.jpg,Pickable,1,0.8437946611280083,3.7471766292131203,9.962475739538316,3.245715605551951,0.988247981445783,49.36389918964126
Pickable\fresa_073.jpg,Pickable,1,0.9938978460400495,4.026648362445931,12.49982682455749,3.534025890159203,0.8514954921776924,56.53722545066017
Pickable\fresa_074.jpg,Pickable,1,0.6975069125391914,4.338617737708786,10.318056898114188,3.1630171194417906,0.9163425394256515,36.63916714176459
Pickable\fresa_075.jpg,Pickable,1,0.8899338445840814,4.150766335023982,12.382029856759004,3.2567416272112553,0.8509075594683161,45.73001697376964
Pickable\fresa_076.jpg,Pickable,1,0.7845493148100713,3.9317356310497154,13.02769876296831,3.1537359421496767,0.9129683614080082,45.28927436016397
Pickable\fresa_077.jpg,Pickable,1,0.9769627303293743,3.8444619848256294,11.951686701384387,2.793272611735922,0.9227630821731224,49.55645424484137
Pickable\fresa_078.jpg,Pickable,1,0.848378834760053,3.865038421523452,11.84101267139842,2.7028381680586357,0.8478984336675846,49.35298912369707
Pickable\fresa_079.jpg,Pickable,1,0.8676216399863063,4.174576128451005,11.845620847174889,1.8632569327216384,0.9429532402791428,40.30953229052905
Pickable\fresa_080.jpg,Pickable,1,0.8643163280595719,4.059310624215783,11.79568266648933,2.940595440726429,0.9199208278446606,46.67774529757477
Pickable\fresa_081.jpg,Pickable,1,0.8249086706725834,3.9907527568462218,12.283097808618098,2.9444406990879357,0.8530164081430734,40.54117776274492
Pickable\fresa_082.jpg,Pickable,1,0.6604236497359326,4.513373708739471,12.933350678302801,3.1041136969657988,0.9467012742803248,42.08111938600676
Pickable\fresa_083.jpg,Pickable,1,0.9391662907744808,3.825657117704211,12.675912006024166,3.4354298189518833,0.8592843678213317,42.90642649234084
Pickable\fresa_084.jpg,Pickable,1,0.6629330987447983,3.8948877569292297,13.535662942325796,2.2925670807805445,0.9247452026023486,43.96461980507839
Pickable\fresa_085.jpg,Pickable,1,0.8238563192405902,3.917997150946257,12.131573476047256,2.3751275071393168,0.8714236842907293,35.89338119422278
Pickable\fresa_086.jpg,Pickable,1,1.3163807846183588,2.549343195368841,6.032999701643762,5.229727583878352,0.5120547760302432,20.43212524346057
Pickable\fresa_087.jpg,Pickable,1,0.7162087727297706,4.05525823425191,11.580004736843854,2.160025913849071,0.9579860754904935,37.77576954954475
Pickable\fresa_088.jpg,Pickable,1,0.8145063214103528,3.938967268708483,10.813236073788083,3.0409381356302827,0.9890809246290667,45.46235101622715
Pickable\fresa_089.jpg,Pickable,1,0.9167882286301643,4.140922207310778,11.668142086493745,2.956942499228277,0.9468372388203632,47.13911256006867
Pickable\fresa_090.jpg,Pickable,1,0.797589552992877,4.101457131967135,11.468351140356702,3.1861991081491676,0.930343742985277,45.63981651877258
Pickable\fresa_091.jpg,Pickable,1,0.7111342582147051,3.932838752108542,13.849004223858879,2.523784041429302,0.8797949363404116,49.57604660561793
Pickable\fresa_092.jpg,Pickable,1,0.5084262248207287,3.502201864384563,12.591000129258408,3.2233613621306807,1.0072741064087376,42.259334946259834
Pickable\fresa_093.jpg,Pickable,1,1.3632311273890796,2.7841578610636737,8.657716404152383,4.831099931584184,0.6412641588538222,18.282356199551124
Pickable\fresa_094.jpg,Pickable,1,0.7408921261514125,3.801513891218665,10.165116504899048,3.316236331266589,0.9227491036809534,43.444791294705794
Pickable\fresa_095.jpg,Pickable,1,0.7483582632211526,3.860074786469861,12.375796382609952,2.92329462170394,0.8646586240310464,48.72900226894883
Pickable\fresa_096.jpg,Pickable,1,0.7040003819772784,3.961031148764255,13.105436052553571,2.7232836010319446,0.837976733087085,38.42589818177102
Pickable\fresa_097.jpg,Pickable,1,0.8377295234113201,3.7415795305866624,12.403460322731636,3.0104121326385593,0.920682963559582,44.70280089648988
Pickable\fresa_098.jpg,Pickable,1,0.7425291579507295,3.8266079719013084,11.620647716088197,3.546303019077747,0.9324072365431029,49.461255673259316
Pickable\fresa_099.jpg,Pickable,1,0.7890545666119392,4.000101532191504,12.253186637722697,2.40813396178421,0.8480266906451563,56.49491465008165
Pickable\fresa_100.jpg,Pickable,1,0.8679071599825507,3.916427128321755,12.186241503946174,2.8300118356833357,0.8728748096140111,50.92067553266797
Pickable\fresa_101.jpg,Pickable,1,0.7144562831340119,4.04775551544344,12.218209925387697,2.311767127444882,0.897150889813154,38.75788416884092
Pickable\fresa_102.jpg,Pickable,1,0.7699793925480449,3.811870372552037,12.352895491809289,3.38768614814059,0.901994065150858,41.58962208675478
Pickable\fresa_103.jpg,Pickable,1,1.015814934205692,3.9364113141461665,13.035362403419747,3.269808111540437,0.8378954795504708,50.13978294054863
Pickable\fresa_104.jpg,Pickable,1,0.8874285722610521,3.7702426775046223,12.317171075063913,2.477881430519472,0.8181537528190322,41.544982146324074
Pickable\fresa_105.jpg,Pickable,1,1.434692547607362,3.2047105396624516,7.151657239221891,5.4133305595451,0.4828342618426786,29.315834387343788
Pickable\fresa_106.jpg,Pickable,1,1.3674956385652883,2.821040671732069,8.817921232134797,4.22558246128341,0.423415630995946,21.316287971630945
Pickable\fresa_107.jpg,Pickable,1,0.8564485518294598,3.932847910823731,12.555214283119774,2.9316594091507153,0.9295398032654592,45.63294901436167
Pickable\fresa_108.jpg,Pickable,1,0.9233471044453156,3.6954528376084657,11.394533412448359,3.4154342761658674,0.8751062540307376,43.73880422089087
Pickable\fresa_109.jpg,Pickable,1,0.8148986394680992,3.944008460337865,12.68233191263258,2.639342778512339,0.9840602189439226,49.673173464117426
Pickable\fresa_110.jpg,Pickable,1,0.7469417855644896,4.0116379851993385,11.788536157970553,2.921039402836639,0.8314941344849214,36.83188009842839
Pickable\fresa_111.jpg,Pickable,1,0.726947335630667,4.208657886139577,12.963126956144325,2.106210278476411,0.8712243996605851,35.58441972024097
Pickable\fresa_113.jpg,Pickable,1,0.8645061984983909,3.97418027474794,11.528199303923063,3.7428314991476817,0.8963125940585472,51.017913773505114
Pickable\fresa_114.jpg,Pickable,1,0.8313060374024107,3.900389962793592,12.061711603635088,2.336694912740593,0.902890320760896,36.01000739257529
Pickable\fresa_115.jpg,Pickable,1,0.7483352075201851,3.7485686621545105,11.943271090849368,2.9750934041523176,0.9095605259122439,41.97231785064962
Pickable\fresa_116.jpg,Pickable,1,0.7810928333564288,4.380985901029067,11.107936846578458,2.7373815093278098,0.8561027685729649,39.603977195810884
Pickable\fresa_117.jpg,Pickable,1,0.7583801984869852,3.7930454019386244,13.163966578677899,3.434279193554765,0.8539916830443739,43.426451265091536
Pickable\fresa_118.jpg,Pickable,1,0.872465765823945,3.7573907070297086,12.49270687681385,2.8033400273837508,0.8178603870173107,39.234000117785875
Pickable\fresa_119.jpg,Pickable,1,0.7310039322686135,3.952925320449873,12.158748931713625,2.7176283194989708,0.9324638691429129,44.12321167684141
Pickable\fresa_120.jpg,Pickable,1,0.8486414475268615,3.618650721938456,13.348223312549454,2.2627289138829765,0.8575132902493079,49.014897368051756
Pickable\fresa_121.jpg,Pickable,1,0.8851518950484709,4.197997350848206,11.79521349222913,3.505167265563772,0.896673264281408,46.4091569026305
Pickable\fresa_122.jpg,Pickable,1,0.8486249326108312,4.019984063761515,12.102038019870372,2.064344374993232,0.9449037057313742,43.22577934333567
Pickable\fresa_123.jpg,Pickable,1,0.7165760149328215,4.081473845606998,13.223404545788341,3.6805049368583003,0.8991924922452894,40.10210117434442
Pickable\fresa_124.jpg,Pickable,1,1.451401681089796,3.147984672036481,7.017167331279701,6.244909995707973,0.46547555410056274,28.485541008320897
Pickable\fresa_125.jpg,Pickable,1,0.7321787320658849,3.8823893030429844,12.208554759446292,3.826440354026235,0.8852049682084705,32.33633391151741
Pickable\fresa_126.jpg,Pickable,1,0.8426435074440076,4.155783934491358,13.736697267009884,2.4773321572109026,0.9084327920179399,33.98978235080415
Pickable\fresa_127.jpg,Pickable,1,1.407884205014491,2.8757215990519196,7.300401633889888,5.292656559460269,0.5299332220602612,28.195497944189
Pickable\fresa_128.jpg,Pickable,1,0.6255889749358906,4.552041089427522,11.33040731849845,3.027749459226118,0.9150219265576591,41.96496585807805
Pickable\fresa_129.jpg,Pickable,1,0.822575026624582,4.205053475202351,12.627570891490798,3.4846832206223306,0.8580163810570162,50.40365224609131
Pickable\fresa_130.jpg,Pickable,1,0.8287035164694825,3.6072340941608627,13.356651218570958,2.434949165353001,1.0627998310495164,49.26656140188247
Pickable\fresa_131.jpg,Pickable,1,0.7922559039440061,4.0035860616202585,12.320838042635513,3.5451004186956183,0.9491130951859569,35.84348843601981
Pickable\fresa_132.jpg,Pickable,1,0.8276068497242843,3.9138094650815978,12.589526795272812,2.392109139484477,0.9168124433774475,41.16279865289007
Pickable\fresa_133.jpg,Pickable,1,0.7351589111693518,4.205557125816357,11.045969465406309,3.298139402534436,0.8500054700659072,36.11806385247339
Pickable\fresa_134.jpg,Pickable,1,0.7262535162541242,3.9690877583033424,9.859448772591794,2.9795206482023917,0.8305873733887089,49.00279587165427
Pickable\fresa_135.jpg,Pickable,1,0.7831909901378086,4.085155692578684,12.351346656388387,3.0573280603669177,0.8915564488695873,39.56669056138165
Pickable\fresa_136.jpg,Pickable,1,0.9909276809266566,3.9237416257887707,10.672518136222587,2.928860972398015,0.9070244753301631,43.014374360416745
Pickable\fresa_137.jpg,Pickable,1,0.8814814541251326,4.109691243192798,12.010609270596229,3.2982613120621402,0.8683379214127862,43.73985434014831
Pickable\fresa_138.jpg,Pickable,1,0.7480008245902436,4.280463571067225,11.415228656557083,2.1082428021946367,0.9194081626233434,51.847591433913905
Pickable\fresa_139.jpg,Pickable,1,0.8558713204847423,3.865710015159444,12.202468962084756,3.463790158193184,0.887445418519744,48.0339156958797
Pickable\fresa_140.jpg,Pickable,1,0.752163533955679,3.5809430080103732,12.899038772741166,2.688089186002927,0.8139435056794733,39.50267662580402
Pickable\fresa_141.jpg,Pickable,1,0.7542739212861693,3.781746412542755,10.356654976510729,2.857871698339089,0.9825801913238228,45.73726096042777
Pickable\fresa_142.jpg,Pickable,1,0.8859284008264676,4.301100924540576,11.86564190337698,2.575731891660684,0.803057511652568,50.43903017394605
Pickable\fresa_143.jpg,Pickable,1,0.7474735354844367,4.03319210259349,11.859674066903025,3.2875351363131577,0.9494578519252799,37.7084610454987
Pickable\fresa_144.jpg,Pickable,1,1.4022728337828543,2.7658585179624944,5.898862959574772,5.900714145866332,0.5563599200891334,24.242635691585015
Pickable\fresa_145.jpg,Pickable,1,0.7093505299425672,3.796331511219789,12.063979157366479,2.7825212169553795,0.7826337006440445,55.07730759873151
Pickable\fresa_146.jpg,Pickable,1,0.8088415206202006,4.199009891400656,11.181548784282061,2.511003166893065,0.8484254260725725,51.77324179382632
Pickable\fresa_147.jpg,Pickable,1,0.8128007821116101,4.046775707955387,11.417048442942919,3.8657057858945456,0.9546913772175298,46.91724024743701
Pickable\fresa_148.jpg,Pickable,1,0.924161651815854,3.9667040043292277,13.785175776824968,2.8570804787865374,0.8190471210889065,45.39647802796538
Pickable\fresa_149.jpg,Pickable,1,0.7283974202482582,3.8810096179875293,11.11163492034178,3.2444829305742573,0.8670894234077003,46.15234192468372
Pickable\fresa_150.jpg,Pickable,1,0.8731465735820105,3.958244411002266,12.041366704954173,2.8258969710606463,0.9636387702485969,42.33078279910902
Pickable\fresa_151.jpg,Pickable,1,0.8425966749849785,3.925399502754044,12.25785832935176,3.496331074125134,0.8408490940871024,36.32279307494781
Pickable\fresa_152.jpg,Pickable,1,0.7850986227784499,4.103876160414398,10.851700211103728,3.6452916788809504,0.9276600416996148,53.92904409860503
Pickable\fresa_153.jpg,Pickable,1,0.8835843902181973,4.244178301594308,11.179108153523472,3.497957166577595,0.8197392952171754,45.31682257837976
Pickable\fresa_154.jpg,Pickable,1,0.8492118902913797,3.597681088460122,10.027311412841442,3.78812204242895,0.8902535388789421,39.797745970048545
Pickable\fresa_155.jpg,Pickable,1,1.3920382359853596,2.703560936594282,5.528016965554595,4.860598558139465,0.5031184721894174,23.019261639316305
Pickable\fresa_156.jpg,Pickable,1,0.9071683929782794,3.97001276374533,12.646979872156903,1.9590236875895581,0.8915453860444247,39.8477285921013
Pickable\fresa_157.jpg,Pickable,1,0.6779098080103867,4.005454048590118,12.207146528657761,2.6786010264623084,0.855969331222605,52.81545216292409
Pickable\fresa_158.jpg,Pickable,1,0.805961543309033,3.6791256747834256,10.111387169922843,2.4029473560843675,0.9578492172280618,46.31752375860003
Pickable\fresa_159.jpg,Pickable,1,0.8002444161989236,3.8651382116734596,13.423167480312873,3.3179861087270455,0.8096496730920442,45.928753423508965
Pickable\fresa_160.jpg,Pickable,1,0.8424635720859858,3.9088771278079926,10.675007136356824,3.142018513944939,0.9589299647116847,37.46727234982698
Pickable\fresa_161.jpg,Pickable,1,0.7274566519601489,3.900527292443532,11.048779328646347,2.4209664005152765,0.8902708409167849,45.81147699108461
Pickable\fresa_162.jpg,Pickable,1,0.796505661444791,3.8963935921654085,13.593912058780681,3.792451892589127,0.8516896661820983,51.38578930600596
Pickable\fresa_163.jpg,Pickable,1,0.7859379972984082,3.9719434109423153,12.461089685133492,3.0843076019659934,0.9192836306565981,47.991593337622156
Pickable\fresa_164.jpg,Pickable,1,0.8997088367093652,4.166006935363422,11.924066990976304,3.802490194787059,0.9277271001129691,42.57342433492872
Pickable\fresa_165.jpg,Pickable,1,0.720408530677661,4.137246999925285,13.486651121423114,2.7045833110602198,0.8949503967675932,45.545110146591
Pickable\fresa_166.jpg,Pickable,1,1.4347001867503728,3.292533542615623,5.839947153510624,5.771610153775201,0.6112395039677574,29.971045619970944
Pickable\fresa_167.jpg,Pickable,1,0.7738759515327982,4.044254231510031,12.345921029975441,3.632840578098368,0.9923221149558985,46.54476990562651
Pickable\fresa_168.jpg,Pickable,1,0.6701953362330518,3.845923067124952,11.435083199694139,2.8434244649157945,0.9047247099549407,46.60509129039898
Pickable\fresa_169.jpg,Pickable,1,1.067611246765369,3.892467258824688,11.87978824002081,3.1811960495763865,0.844795829388316,42.10336341015879
Pickable\fresa_170.jpg,Pickable,1,0.792878097283944,4.127768327102699,11.929658886366566,3.0093768197774864,0.9910344990621867,49.35804361129634
Pickable\fresa_171.jpg,Pickable,1,0.6513341929079239,4.012111701132474,13.096261537285159,2.8291168556323454,0.9384871942036109,48.32460704527984
Pickable\fresa_172.jpg,Pickable,1,0.940862695884896,4.149131406371467,11.375584843088085,3.1773230720504624,0.8996817604748748,45.0930274514421
Pickable\fresa_173.jpg,Pickable,1,0.6929414500847497,4.042349855889291,11.800855294493129,2.0716760007655406,0.8429621161778916,44.86227364496971
Pickable\fresa_174.jpg,Pickable,1,0.837086997203026,4.001507337081847,9.83644616987388,3.361145823314995,0.94608549996389,44.23181236694518
Pickable\fresa_175.jpg,Pickable,1,0.8862832094962767,4.0775794830814664,10.292338062017942,3.063612544760321,0.8737806287132084,43.3587108160785
Pickable\fresa_176.jpg,Pickable,1,0.7351567977223943,3.6813578064089656,12.687805422750099,2.405977452149924,0.8795284315085694,39.675593808510754
Pickable\fresa_177.jpg,Pickable,1,0.7569109944614398,3.9574714290750808,11.605616575451338,3.3534780725856264,0.8753424689020117,40.977325225471944
Pickable\fresa_178.jpg,Pickable,1,0.7459729736209446,3.871707249193554,11.646541767512565,2.0481894307216897,0.82712453974787,42.7313355999827
Pickable\fresa_179.jpg,Pickable,1,1.520453644742819,3.285631511852135,7.0374782100551725,4.462333772138009,0.5844392935741556,23.53970644221325
Pickable\fresa_180.jpg,Pickable,1,0.6377538829530383,3.8549551122429273,11.659869190766868,3.585482036531182,0.9161572762205114,38.36340683171191
Pickable\fresa_181.jpg,Pickable,1,0.6764363375893878,4.035705442956941,12.085008743513107,3.2724778039666615,0.9456898128728426,41.204940922128394
Pickable\fresa_182.jpg,Pickable,1,0.7859213557815377,3.902877781608388,11.707819357416255,2.6865034801660905,0.8658021426356253,45.637420722858124
Pickable\fresa_183.jpg,Pickable,1,0.9038952117354456,4.083572622994912,9.980115040946597,3.705935083227413,0.9678151841963275,48.52247024754307
Pickable\fresa_185.jpg,Pickable,1,0.8631744177429087,4.13202367501948,12.592937547705784,2.852051716795427,0.7482177863857287,44.00558121990758
Pickable\fresa_186.jpg,Pickable,1,0.9729417429210298,3.946274886229704,13.459013730713002,2.9187344074563657,0.8690635478446509,40.999174287353306
Pickable\fresa_187.jpg,Pickable,1,0.8694052272069425,4.008794747512493,13.152990574249541,3.026438673130003,0.7574698680632479,38.178245843070314
Pickable\fresa_188.jpg,Pickable,1,0.7488871007447087,4.022869936497837,12.039073266880637,3.333920048158744,0.9097454919192353,42.94867817415473
Pickable\fresa_189.jpg,Pickable,1,0.7877156594386961,4.142385086935305,12.23761164006226,3.2614499494237252,0.9308686851392947,47.684844479430396
Pickable\fresa_190.jpg,Pickable,1,0.5969606446221702,3.921750712043336,12.35793802668937,2.5443674791956252,0.9214858283753524,46.05059615633681
Pickable\fresa_191.jpg,Pickable,1,0.7039224889786067,3.994982642142326,13.472179326577146,2.804801563249694,0.8257848068294019,47.26499462939045
Pickable\fresa_192.jpg,Pickable,1,0.6979640721196014,3.901436173788968,13.158399071899227,3.2966302467915902,0.8940842701037425,47.10285265120613
Pickable\fresa_193.jpg,Pickable,1,1.435994292521696,2.8806654841166104,6.927711771602819,5.179065761878715,0.45563131189239936,28.28105976075259
Pickable\fresa_194.jpg,Pickable,1,0.8647829797409858,4.021323552154709,11.833084760226953,3.1398007282743015,0.9100009837215641,44.68318415237977
Pickable\fresa_195.jpg,Pickable,1,0.7439626581115839,4.071164758704532,11.762507373137533,3.4461137724394875,0.9550354398554737,36.624307820917466
Pickable\fresa_196.jpg,Pickable,1,1.452149229383056,3.2293976808445497,8.034233976847496,5.593011010771357,0.40252086574449075,22.541689798794092
Pickable\fresa_197.jpg,Pickable,1,0.6453444177188923,4.300679720071236,11.343090753299467,2.5171910523759933,0.9367702667230019,51.58195829625766
Pickable\fresa_198.jpg,Pickable,1,0.7872237942114141,3.8358064338128934,11.821245755751058,2.9128161247991646,0.9324693898777426,46.724940959568016
Pickable\fresa_199.jpg,Pickable,1,0.8248168027146824,4.134596381894469,9.551558046249994,4.05225750354979,0.9398752573812744,33.80740152424478
Pickable\fresa_200.jpg,Pickable,1,0.8445780958653143,4.060206201144515,12.310248992516517,2.888929157053734,0.8567445865547604,39.105189325730365
Pickable\fresa_201.jpg,Pickable,1,0.7217290956552537,3.643973884521395,11.48214597311946,3.379434187816941,0.8608962905056594,53.68848058329022
Pickable\fresa_202.jpg,Pickable,1,0.9988489679810552,3.9797303218420277,10.72508114375653,2.3836082134117715,0.874884319323298,53.28945949885393
Pickable\fresa_203.jpg,Pickable,1,1.4071765495635475,2.9246574728311483,7.013251450952165,5.472866392960308,0.6438781470977997,34.060300970405336
Pickable\fresa_204.jpg,Pickable,1,0.7904762401299377,3.963306252922473,11.178535410758979,2.647540694892064,0.8574266087715603,45.9047380162742
Pickable\fresa_205.jpg,Pickable,1,0.7472812220666041,4.119789685056806,13.118169716160512,3.3481085333172675,0.8535045199816367,39.5612519914302
Pickable\fresa_206.jpg,Pickable,1,0.7678415306907816,4.354170813705816,10.824266878021186,3.271165548543266,0.9129473880944076,48.81322590487596
Pickable\fresa_207.jpg,Pickable,1,0.8151130371652993,4.1415664804048635,11.987287074285458,2.26141144632843,0.8664543744351668,43.81559600726087
Pickable\fresa_208.jpg,Pickable,1,0.7981372284443041,3.6790263861990944,12.260358108978902,2.9271503162955566,0.9317872535146695,40.28602295916126
Pickable\fresa_209.jpg,Pickable,1,0.8483528787408308,3.9141158550103334,11.08985852503505,3.562623010718112,0.8715231366552507,35.39478068582336
Pickable\fresa_210.jpg,Pickable,1,0.8768965157691687,4.284915778158484,10.695265751402355,2.705595184075102,0.9874070924831325,49.16477272756362
Pickable\fresa_211.jpg,Pickable,1,0.9366242843558918,4.020547926509832,12.292077358075428,3.480489177461922,0.8983004165847197,40.47168285342678
Pickable\fresa_212.jpg,Pickable,1,0.9147264793112612,4.3379634501876065,11.520532990801748,2.8706731175400524,0.8946121971003138,45.48146008129225
Pickable\fresa_213.jpg,Pickable,1,0.7889770844598076,3.839098185198263,10.986792832613853,3.620098785292879,0.8344800702629797,53.59385999753781
Pickable\fresa_214.jpg,Pickable,1,0.8388250414284895,3.8725756832510507,10.490164526809755,4.126213621256751,0.9407902403558938,45.854120520101354
Pickable\fresa_215.jpg,Pickable,1,1.6316522195575687,2.782137816754482,6.586148451792043,5.839489088257176,0.5493525986257918,24.862549945638786
Pickable\fresa_216.jpg,Pickable,1,0.7412779687671689,3.9071822475076714,13.406219530503353,3.18329434011272,0.8833649576944916,54.62949254379376
Pickable\fresa_218.jpg,Pickable,1,0.9910826851356367,4.235598933946227,11.399818312517175,2.678711817042735,0.9349197790769906,48.9023258196318
Pickable\fresa_219.jpg,Pickable,1,0.7540153849781901,3.7979971955456557,12.44436797500028,2.5507339045077364,0.983906302310326,49.78509389971512
Pickable\fresa_220.jpg,Pickable,1,0.9990737812322246,4.1510473310418,13.004787181527647,3.025357284894985,0.8557151874862237,46.667718977563716
Pickable\fresa_221.jpg,Pickable,1,0.765096460701747,4.075745644181971,12.915602164545964,3.117824456337007,0.9382522167637761,44.67818960303565
Pickable\fresa_222.jpg,Pickable,1,0.8252825091221551,4.141745844885493,11.354437443711975,3.2332736344958892,0.8876336177196007,36.54621480817863
Pickable\fresa_223.jpg,Pickable,1,1.5570691026158026,2.4590058300220377,7.989065397118159,5.229740610562938,0.5549012125826557,19.682530034202387
Pickable\fresa_224.jpg,Pickable,1,0.8023922021808916,3.9884769157394135,12.612999583066959,1.9356973643177817,0.8433023784733139,43.340778493326624
Pickable\fresa_225.jpg,Pickable,1,0.8393125281258067,4.411762520577135,14.44705627617377,2.767240588842081,0.8934867473616233,43.29496366749852
Pickable\fresa_226.jpg,Pickable,1,0.7758615200190644,3.7338906146735904,12.161161371485878,1.9742976936000631,0.8963002560416233,49.44398016987275
Pickable\fresa_227.jpg,Pickable,1,0.7524475142186753,4.13594454875844,12.987872535213638,3.1589319954385346,0.9369152987342739,37.29905329525912
Pickable\fresa_228.jpg,Pickable,1,1.502668628258229,3.3171979709044903,6.731785477606474,6.070551200974386,0.4936822387511638,22.880874097072457
Pickable\fresa_229.jpg,Pickable,1,0.7350282579252976,4.076025221533716,12.609541051301582,3.148146628299169,0.879488391683153,48.71208502303771
Pickable\fresa_230.jpg,Pickable,1,0.9631382953958594,4.315253589691341,11.003940432242693,2.752571914881907,1.005281326559743,37.43799909798822
Pickable\fresa_231.jpg,Pickable,1,0.7832301397233536,3.3897373880641912,12.267185565164471,3.188818366201376,0.9068564980030351,45.28667980734889
Pickable\fresa_232.jpg,Pickable,1,0.97226691978467,3.9222292496982165,13.460190040407971,3.3966466913155497,0.9293032337799809,41.50677026105994
Pickable\fresa_233.jpg,Pickable,1,0.5314891322200375,3.7487615507666363,11.629486132938155,3.2728425531363667,0.9161837932851391,41.79949793586488
Pickable\fresa_234.jpg,Pickable,1,1.2942715578531887,3.2034597348158904,7.545724114022205,5.21153610637524,0.3021307509757146,23.43378702950201
Pickable\fresa_235.jpg,Pickable,1,0.8561951672422087,3.9607578166101503,11.234267987336594,2.8267950095359295,0.9018149965191281,35.54515500058729
Pickable\fresa_236.jpg,Pickable,1,0.770617876216239,4.0786712711546995,12.268777173672072,3.624078031174313,0.9062180271172291,44.812195088802106
Pickable\fresa_237.jpg,Pickable,1,0.9094653079198753,3.8107070127517377,12.347181374906294,2.998442374939158,0.8204426425353446,45.707836612199685
Pickable\fresa_238.jpg,Pickable,1,0.8639692355203115,4.156784364300891,12.688204862473656,3.0883696817923925,0.999411577878021,40.207760193341656
Pickable\fresa_239.jpg,Pickable,1,0.7725399879678098,3.666309731679321,11.624354421323186,3.024642510008095,0.871800973216067,40.558810751020275
Pickable\fresa_240.jpg,Pickable,1,0.8435009258171745,4.173912697630453,11.594614052392775,3.2950755709192596,0.8653500401861782,38.847906821457876
Pickable\fresa_241.jpg,Pickable,1,1.0811878375005874,3.9306585973038404,11.459794176202626,3.2711249221984082,0.9107672510948885,43.49858656960827
Pickable\fresa_242.jpg,Pickable,1,1.5955967732199963,3.135949003096716,7.034573804598219,5.723641621399179,0.6137702058691349,20.13281929041362
Pickable\fresa_243.jpg,Pickable,1,0.8299502331206964,3.6244111171869293,12.18459093529808,2.8343935755305836,0.9371363908074637,50.58793848737425
Pickable\fresa_244.jpg,Pickable,1,1.5006161249027354,2.667536651400492,8.817297885171799,5.431903871555766,0.555259005699943,24.457855929605397
Pickable\fresa_245.jpg,Pickable,1,0.8133497041022807,3.7796731517694706,11.398100638052995,3.071623645487192,0.9739617489986159,44.65068811652467
Pickable\fresa_246.jpg,Pickable,1,0.6710738806188269,4.00187134441426,12.682199119095511,3.2844285103826296,0.9283685045640584,47.238325823912696
Pickable\fresa_247.jpg,Pickable,1,1.5889731644021137,2.928943387409507,8.004453555608066,4.8163583674600865,0.6305818812538104,25.604950314716017
Pickable\fresa_248.jpg,Pickable,1,1.0457587626290852,4.135313271034647,11.555499927628054,3.748874778842248,0.9289064449381076,33.01239701808919
Pickable\fresa_249.jpg,Pickable,1,0.9067215550736305,3.7106861981832577,13.060421793378463,2.4820959642995515,0.8805267200426918,44.20748670556762
Pickable\fresa_250.jpg,Pickable,1,0.8641420655594049,3.5164821880489625,12.42230166464303,3.0456917800525285,0.8870493484502856,43.997993211438356
Pickable\fresa_251.jpg,Pickable,1,0.9103921664604997,3.9162757427723163,12.528949782366443,2.464864148940863,0.920670522665353,43.149223385950556
Pickable\fresa_252.jpg,Pickable,1,0.9881754991107485,3.6906953495144608,10.711774555663046,2.744286211312629,0.8672621431691648,39.13252469716349
Pickable\fresa_253.jpg,Pickable,1,0.8593588114791121,3.940457642781093,14.530582732436628,2.954460046383579,0.8633172419547243,39.859042886223875
Pickable\fresa_254.jpg,Pickable,1,1.0070878525776086,3.837892616026044,14.033068073954714,3.2549115585452104,0.9040263956309214,39.82439030601536
Pickable\fresa_255.jpg,Pickable,1,0.9069798358456994,4.489664888134982,11.322683669975405,3.11400051859705,0.8919138447762468,46.80569554464414
Pickable\fresa_256.jpg,Pickable,1,0.8166519510018267,3.6297226120435306,10.715451773654145,3.39928435933571,0.8913863785859991,41.99387548394887
Pickable\fresa_257.jpg,Pickable,1,0.9719476555288638,4.037312241459285,11.31733487036357,2.8400023210537793,0.8631827872158085,46.0700181662821
Pickable\fresa_258.jpg,Pickable,1,0.5640785261987222,4.345732709597527,12.246298622995653,3.7665103194533867,0.9749485532278896,45.89307766144797
Pickable\fresa_259.jpg,Pickable,1,0.7428651038071225,3.8914780099961432,11.111557060807609,2.2179734278189067,0.8888357573261567,51.32258127049733
Pickable\fresa_260.jpg,Pickable,1,0.8265787046748005,3.816658270502552,12.283107061371418,3.11210233459744,0.9381536453945076,41.659616286449726
Pickable\fresa_261.jpg,Pickable,1,0.7087909086866115,4.309531243377902,11.377743935610004,3.146217130910804,0.9261353616412997,37.038470255903874
Pickable\fresa_262.jpg,Pickable,1,0.7843941597170501,3.5480144651413115,14.687930490743287,2.7745766525141464,0.8491128296348577,37.271891018182636
Pickable\fresa_263.jpg,Pickable,1,0.7361209103622364,3.628735138099856,11.790074061529523,2.9741093830303647,0.9053672556405934,42.969826061277146
Pickable\fresa_265.jpg,Pickable,1,1.6783225908302777,2.8676858177008553,5.873287350117073,5.026028892407551,0.4308962575126286,27.67154567354869
Pickable\fresa_268.jpg,Pickable,1,1.3439649069278987,2.8982484213962447,6.965542765364964,5.926624195346554,0.7192992737949446,24.89524222159585
Pickable\fresa_270.jpg,Pickable,1,1.4199525198167904,2.911967793423883,6.401080588846368,5.895330716527871,0.47556642687103123,16.661266497170534
Pickable\fresa_274.jpg,Pickable,1,0.7946052150809513,3.9465613508981194,12.021631271236583,3.3560685689219474,0.836167844315152,38.78021309892518
Pickable\fresa_287.jpg,Pickable,1,0.9315167224274881,4.410069097349156,11.975013282432652,3.1711025272666418,0.9468839468566873,42.58906227431974
Pickable\fresa_290.jpg,Pickable,1,0.7762662524468908,3.9314374911085475,12.560555860297294,3.191192635831866,0.8482924399244542,48.673660607389664
UnPickable\fresa_040.jpg,UnPickable,0,1.4768022500413909,3.179129505819535,7.34593037889874,5.522152893958172,0.4473715203890359,32.13330540390969
UnPickable\fresa_043.jpg,UnPickable,0,1.488479492959721,2.8503049852690903,6.6003077487596435,5.811017111908874,0.5995746671685722,26.927202894919915
UnPickable\fresa_053.jpg,UnPickable,0,1.4727733087786832,2.9035546342116705,7.7887024631793595,5.10040513162354,0.43329650510393475,21.71500957495906
UnPickable\fresa_056.jpg,UnPickable,0,1.5544705008528221,3.0234009181460704,7.6519957359646,5.226160114629526,0.5576795695688267,17.2351955620141
UnPickable\fresa_112.jpg,UnPickable,0,1.4970555174769544,2.598413929926445,6.747562577613668,4.661849112683433,0.5526956540060064,26.19577893601636
UnPickable\fresa_184.jpg,UnPickable,0,1.5811079700592743,3.0817336287039665,7.388676113469643,5.678027093060267,0.2019850330315061,35.459141933240076
UnPickable\fresa_217.jpg,UnPickable,0,1.430482390653,3.1117456153912264,6.330595797887736,4.907406870217038,0.3152128163734276,23.579188363536495
UnPickable\fresa_264.jpg,UnPickable,0,1.535023458831129,3.2755972613149904,6.5255485555455115,5.8989746593598325,0.5096827289515723,24.944367442973178
UnPickable\fresa_266.jpg,UnPickable,0,1.5877156204070237,2.8004666520057513,6.076603059056932,5.985326645316674,0.6007797070994354,19.856219167253258
UnPickable\fresa_267.jpg,UnPickable,0,1.3845741013936075,2.9041146956136585,7.9099795374278745,6.40683227368563,0.4970147077267229,24.823443077109644
UnPickable\fresa_269.jpg,UnPickable,0,1.5167769998614067,3.0392560172749863,6.138358745066852,6.080110890996468,0.4857909886643464,19.43528860622001
UnPickable\fresa_271.jpg,UnPickable,0,1.52470674482221,2.9224058937308426,5.983661286308619,6.015695303197564,0.398572078992162,21.88176476988627
UnPickable\fresa_272.jpg,UnPickable,0,1.466525272833605,2.7069415696137713,7.975115013076888,5.491327326039935,0.5054622775490711,24.65523983630381
UnPickable\fresa_273.jpg,UnPickable,0,1.4512839023560018,3.178837982401177,6.9305544204370335,6.456647719824777,0.4716055333489473,24.787675033201396
UnPickable\fresa_275.jpg,UnPickable,0,1.3145089893059805,2.941588565409604,5.6957387810473135,4.446698386048925,0.6027414913205656,26.890551259057503
UnPickable\fresa_276.jpg,UnPickable,0,1.6148821262634672,3.0680835602901784,5.92734870661539,4.858058324654207,0.6432744238968444,28.70808913804438
UnPickable\fresa_277.jpg,UnPickable,0,1.4067076213368157,2.7842886135434743,6.428791260727992,6.33791645603015,0.5304559446480132,17.352948607651268
UnPickable\fresa_278.jpg,UnPickable,0,1.3759629462415806,3.1900281955704983,5.9151413440666,5.083118995581365,0.25861975082377464,21.884512373402593
UnPickable\fresa_279.jpg,UnPickable,0,1.5657913471771645,2.9293407318476627,6.902666422298874,4.881428414108573,0.5032135535829952,19.815744402949953
UnPickable\fresa_280.jpg,UnPickable,0,1.3167725310646847,2.8556592631519995,5.8163012454243646,5.102921196393371,0.5885562063052323,25.34416967300593
UnPickable\fresa_281.jpg,UnPickable,0,1.596327112521287,3.1567355777568946,5.800381212245775,5.869144810945027,0.4796133817773031,23.563910724762675
UnPickable\fresa_282.jpg,UnPickable,0,1.543421912513259,3.220205234815907,7.729703216393244,5.995688856474442,0.6617311818077235,20.8986014736406
UnPickable\fresa_283.jpg,UnPickable,0,1.5598089616797903,2.813013518577985,8.60549268032958,5.794403618301672,0.41833322646570137,31.165688423758688
UnPickable\fresa_284.jpg,UnPickable,0,1.4835999162452094,3.1982671584030244,8.272035288732106,5.205827463399569,0.3362550641446953,22.20218066128336
UnPickable\fresa_285.jpg,UnPickable,0,1.3782653426268272,3.3231180099651407,6.588015856590912,5.344755496730863,0.6014586629687763,21.523303128657528
UnPickable\fresa_286.jpg,UnPickable,0,1.3111237020671809,3.052141904684942,7.500256014624345,5.763464412144324,0.4375033182542417,32.6663200064573
UnPickable\fresa_288.jpg,UnPickable,0,1.6456812023286478,2.718401166433536,6.788701595959034,5.306328898622494,0.3996395578079599,26.033904731104087
UnPickable\fresa_289.jpg,UnPickable,0,1.452805905313862,3.1136365468686393,8.72818208667609,5.741593914546343,0.4743508316856952,25.744404902815784
UnPickable\fresa_291.jpg,UnPickable,0,1.448331884974635,3.213013979189224,7.273705169056088,4.798823143622416,0.39324806932339695,25.440282576014575
UnPickable\fresa_292.jpg,UnPickable,0,1.6582162756034236,2.7967058252321166,7.461299016427686,6.034082876314806,0.47153187976852856,26.46276110086524
UnPickable\fresa_293.jpg,UnPickable,0,1.436859752583735,3.3343296751881746,8.836258251813708,5.530781334273687,0.4286017190394983,23.807749878858566
UnPickable\fresa_294.jpg,UnPickable,0,1.4762040315014195,2.9615145918752157,8.209901613592514,5.433281103714553,0.46141729562008693,29.259666446139043
UnPickable\fresa_295.jpg,UnPickable,0,1.4763001560742262,2.9769469807951516,7.123928421056245,5.185430072273272,0.6062330794031986,24.388250434161368
UnPickable\fresa_296.jpg,UnPickable,0,1.4862540255453716,3.219797802136403,6.018676937470671,4.3130299512449515,0.39854506778123217,32.948065454482716
UnPickable\fresa_297.jpg,UnPickable,0,1.3960558134852998,3.0427737503767234,6.645432192568271,6.118547709277884,0.54288090173211,34.88303902656068
UnPickable\fresa_298.jpg,UnPickable,0,1.4439786293892196,3.250578470163601,5.640186567600967,5.179675890619301,0.5669098886236106,23.660931135332344
UnPickable\fresa_299.jpg,UnPickable,0,0.7391805322519428,4.269141292207678,12.283271020726326,3.1709282657401987,0.9130922504621218,45.77857153248788
UnPickable\fresa_300.jpg,UnPickable,0,1.5761093134118789,3.078967065561028,6.842778061354916,5.431116541078077,0.37395596334361136,28.516950725950803
UnPickable\fresa_301.jpg,UnPickable,0,1.2022874687715184,3.005940393489772,7.685661333282358,5.923537286004769,0.5645291495686245,30.872306023196963
UnPickable\fresa_302.jpg,UnPickable,0,1.3041468360655477,3.049054407137655,7.20122421897344,5.379624571376028,0.6028718833314702,22.03246704620369
UnPickable\fresa_303.jpg,UnPickable,0,1.5333636773262003,3.117916182410386,6.294263818689728,6.407606013000619,0.4522000236566039,24.618630907573664
UnPickable\fresa_304.jpg,UnPickable,0,1.48870457117819,3.097988712913661,7.2845472373191775,5.814473500577051,0.4515693119518894,25.377653364990156
UnPickable\fresa_305.jpg,UnPickable,0,1.462547356377626,2.9410295409110985,7.376347363121581,5.256958157165139,0.46894160235490784,28.67491449312673
UnPickable\fresa_306.jpg,UnPickable,0,1.6042739300729734,3.1886531059685463,6.965478237783202,5.189931394839542,0.5193218650298113,25.439183204590655
UnPickable\fresa_307.jpg,UnPickable,0,1.3215740674356495,2.9840616166570553,6.97892943040565,6.745420656245296,0.5199212949003343,31.577791715038508
UnPickable\fresa_308.jpg,UnPickable,0,1.6199592047530986,3.241707847320274,7.338713281807999,5.015888575707424,0.4774923039495975,26.574314645885014
UnPickable\fresa_309.jpg,UnPickable,0,1.5131590923632676,3.124848772026632,6.085274246148957,5.217812456103316,0.5829259567266288,30.81200203390665
UnPickable\fresa_310.jpg,UnPickable,0,1.5548406067247897,2.983757303280928,6.893891435116593,4.900156994599531,0.5567681257662495,24.258707837596713
UnPickable\fresa_311.jpg,UnPickable,0,1.5253369898989373,2.855265594757586,6.562107207915237,5.552378923565964,0.47331511656096265,24.33366889996218
UnPickable\fresa_312.jpg,UnPickable,0,1.5846140686427828,3.0099011193611678,6.267668437634103,5.409777389772637,0.6352171948033156,30.461296970047584
UnPickable\fresa_313.jpg,UnPickable,0,1.4749668207836195,3.2787496773382387,7.143271541901498,6.095441419962033,0.5890849096613081,26.48590052894513
UnPickable\fresa_314.jpg,UnPickable,0,1.4457741968150766,3.0398075747362103,4.8850913816449255,4.968834691731967,0.6841674692078343,20.176888085309905
UnPickable\fresa_315.jpg,UnPickable,0,1.5781571334428324,3.195982803715747,5.66831609978463,4.747769670997689,0.4585137216435202,29.45715576087487
UnPickable\fresa_316.jpg,UnPickable,0,1.5175102785690193,2.9845892503368683,6.801141799001663,6.344094472173004,0.6654187586680023,24.21528260102768
UnPickable\fresa_317.jpg,UnPickable,0,1.3745711511307956,2.9389248710962605,8.493157424738502,4.1006128866502936,0.4877024440114897,32.74413894609613
UnPickable\fresa_318.jpg,UnPickable,0,1.6349614174786344,2.862437333165522,7.555316647236505,5.4524817239680665,0.46729036397174173,28.480251339183873
UnPickable\fresa_319.jpg,UnPickable,0,1.6210764502932533,2.6134662356802574,6.267328740128236,4.554446384755259,0.50187960941236,20.786300386462493
UnPickable\fresa_320.jpg,UnPickable,0,1.6441437879226883,3.063915418202295,8.399228011506285,5.737588462303684,0.3258424116960371,23.75368577568596
UnPickable\fresa_321.jpg,UnPickable,0,1.5079696991173996,3.0085863834675393,7.139102905067277,5.042046653803713,0.5863437211121636,22.21544601329848
UnPickable\fresa_322.jpg,UnPickable,0,1.5350532740908749,2.9909648823214448,6.341691290905658,5.799507244706401,0.5716731019163553,27.424547403721473
UnPickable\fresa_323.jpg,UnPickable,0,1.4618457618536658,3.1568697759300703,6.870397208938813,5.227056017826151,0.4181731031363518,18.030545496633582
UnPickable\fresa_324.jpg,UnPickable,0,1.4027170688003958,2.804013886476802,8.456906946489214,5.585936151457116,0.47286343051654484,16.541250278386823
UnPickable\fresa_325.jpg,UnPickable,0,1.5065472057210072,3.3397945046990305,7.772567659959508,4.829981527127942,0.6316023268568626,25.881374098585262
UnPickable\fresa_326.jpg,UnPickable,0,1.5176508500322623,2.708118124324884,6.301954879521247,5.426502993449912,0.48898234656494793,24.389776263407356
UnPickable\fresa_327.jpg,UnPickable,0,1.433723858345279,3.0506113401356765,5.962858551679749,5.567608990577007,0.4758564614118346,30.39782727736879
UnPickable\fresa_328.jpg,UnPickable,0,0.6990141691165876,3.8002083823797843,12.329757803665425,3.1071724967428813,0.855897793255952,35.695437585850996
UnPickable\fresa_329.jpg,UnPickable,0,1.338408524016326,2.945732902360616,5.862101267408114,5.982996933621492,0.4856253369529181,32.86134059242632
UnPickable\fresa_330.jpg,UnPickable,0,0.7952697391719251,4.15913447319985,14.885635972253143,3.5234803863500144,0.8171534263013112,44.33217027869429
UnPickable\fresa_331.jpg,UnPickable,0,1.4328628786564588,2.7018763651600146,7.6659138317490765,6.834857601215294,0.44845627170318253,32.965527043231994
UnPickable\fresa_332.jpg,UnPickable,0,1.6291205395169934,3.035641947070736,5.975617830370627,4.792457709262332,0.33837526631734793,26.354166068700945
UnPickable\fresa_333.jpg,UnPickable,0,1.4743409515526733,3.021423916240515,6.2118872801327285,5.670731393854426,0.4343814594869471,16.836542524422338
UnPickable\fresa_334.jpg,UnPickable,0,1.4675061715131212,3.035315703865112,7.199212807908554,5.442874684563766,0.48117362166346805,22.36662528014036
UnPickable\fresa_335.jpg,UnPickable,0,1.4114508720399839,3.0503292519829706,6.7163353271123585,5.741221465738166,0.4628986122819783,14.217411493385297
UnPickable\fresa_336.jpg,UnPickable,0,0.7035905082424649,4.1151631766872665,10.835568847625211,3.496803449958153,0.8659508402241476,58.01558611125404
UnPickable\fresa_337.jpg,UnPickable,0,1.369538012912882,3.098086009601479,6.9853465461656326,6.494689783910907,0.30170061067157583,32.12110325908317
UnPickable\fresa_338.jpg,UnPickable,0,1.6015537212251694,3.0745646537933924,7.5769033863999296,6.252722752906026,0.5049149590448351,24.54659319735085
UnPickable\fresa_339.jpg,UnPickable,0,1.560889056039004,3.177611847941246,7.625436297443848,4.988085225968886,0.573466035654986,18.59799468060565
UnPickable\fresa_340.jpg,UnPickable,0,1.599003399171961,3.13167951661256,6.423110064079677,5.010066377424247,0.4631229992669582,28.74179994003278
UnPickable\fresa_341.jpg,UnPickable,0,1.433764015873163,2.973459078996003,7.795695361381857,4.950464240043877,0.41182228199099313,28.44156098038654
UnPickable\fresa_342.jpg,UnPickable,0,0.8569350180661668,4.038675058681986,11.18674854858056,3.2018729796858043,0.856543384406467,49.918784182311235
UnPickable\fresa_343.jpg,UnPickable,0,1.4018687903150988,3.1577645163457673,6.808493590954113,4.681257942153889,0.4065730567895602,27.61002463874369
UnPickable\fresa_344.jpg,UnPickable,0,0.828673391452956,4.136803748476833,11.471517504267892,3.6373864556715385,0.9672167972545059,44.34162136173889
UnPickable\fresa_345.jpg,UnPickable,0,1.4707890145086586,3.327557224391092,6.73139932015462,4.632323028242718,0.392469072332265,23.993828305941626
UnPickable\fresa_346.jpg,UnPickable,0,1.5137119373494397,2.8867545290415,8.346937439718868,5.30171339089434,0.3990236591687909,26.02231366364523
UnPickable\fresa_347.jpg,UnPickable,0,1.5756340639823636,2.7576354514169856,6.962626571371375,5.431046475372533,0.4173172385683954,28.932283785789718
UnPickable\fresa_348.jpg,UnPickable,0,1.3982569305126678,3.2249549144447713,6.503439493593952,6.05339792503639,0.6075937096073739,22.744211299742
UnPickable\fresa_349.jpg,UnPickable,0,1.559085522444438,2.849563297146838,5.769960303212988,5.420907661674344,0.6256550507533452,17.783244596947185
UnPickable\fresa_350.jpg,UnPickable,0,1.6707852393648193,2.699148884970997,6.941625671836333,5.291458719845305,0.35758001716409427,25.68210302282581
UnPickable\fresa_351.jpg,UnPickable,0,1.4148075232000643,3.2336582542790238,5.679033650453098,5.767334262394347,0.5679121218551756,30.452148564315216
UnPickable\fresa_352.jpg,UnPickable,0,1.4259833604661645,2.7075564454368735,7.865655984513388,5.0279122290761515,0.5959425912680879,20.272843348547045
UnPickable\fresa_353.jpg,UnPickable,0,1.3297139620809384,3.2612204882761033,6.19867626197305,6.095616097606831,0.3235455038350608,26.82191824261247
UnPickable\fresa_354.jpg,UnPickable,0,0.9430157926028871,4.153797141297568,12.004047681667302,3.3338858138887,0.9055643551692151,46.12020897932299
UnPickable\fresa_355.jpg,UnPickable,0,1.5857413767513604,3.079387385535235,7.9165556977906055,5.711786779861644,0.4175579869564425,26.922899327684743
UnPickable\fresa_356.jpg,UnPickable,0,1.5766940657145034,3.0423863337756814,7.293697883843262,5.317558954434482,0.6447287810984282,25.373635935292235
UnPickable\fresa_357.jpg,UnPickable,0,1.5833623165452453,2.634871199990775,7.422034109902869,5.473070925327506,0.41512920695295863,27.52681166570744
UnPickable\fresa_358.jpg,UnPickable,0,1.6416146941777252,2.9945783684356475,6.076287752100661,5.268219163930505,0.2960331606972927,20.28735831068567
UnPickable\fresa_359.jpg,UnPickable,0,1.5127442475456203,2.913577187451803,7.710414706738654,5.141559647232256,0.3861194200995275,19.46630295293717
UnPickable\fresa_360.jpg,UnPickable,0,1.5952771975297135,3.0227148730652385,7.266672712202934,5.4930635345934125,0.5625777807864578,20.825477724936267
UnPickable\fresa_361.jpg,UnPickable,0,1.4048382785824582,3.1037407388749156,7.127317643917133,5.84838265920611,0.39110117170968883,17.295873270119017
UnPickable\fresa_362.jpg,UnPickable,0,1.4209093471393746,3.3129287187138976,7.829246230946302,4.734231019147182,0.5999160677609678,25.32604966902568
UnPickable\fresa_363.jpg,UnPickable,0,1.5240866181328754,2.9499032531077654,7.997003627018466,5.471803450249761,0.5353647585324558,26.03617048183682
UnPickable\fresa_364.jpg,UnPickable,0,1.4181978301463272,2.9774540566190564,6.909621514869139,5.9964173503626315,0.587513436698107,19.20537464949052
UnPickable\fresa_365.jpg,UnPickable,0,1.5571703213160297,3.427958889323697,8.482048473992323,5.305291315041617,0.4205562895875806,35.147629549562055
UnPickable\fresa_366.jpg,UnPickable,0,1.6375051397231746,3.1422678362672234,7.492262078956832,6.03849074899196,0.5479197919103905,23.97067686699863
UnPickable\fresa_367.jpg,UnPickable,0,1.5403536265237423,3.1495835450366654,6.898125691935241,5.8405627956201345,0.43620776385556037,22.18736219956601
UnPickable\fresa_368.jpg,UnPickable,0,1.4262568449990456,2.6914638335470595,7.58387357695887,4.925181428449508,0.4727884264387373,30.581887392897805
UnPickable\fresa_369.jpg,UnPickable,0,1.425152414473538,2.7179395642332658,7.218585327492226,5.150700625329625,0.45572173576999137,31.82275345186762
UnPickable\fresa_370.jpg,UnPickable,0,1.6365366508947008,2.886729663470734,8.468510335024884,6.159223255317345,0.5568563583961598,15.729832447590786
UnPickable\fresa_371.jpg,UnPickable,0,1.4201864180803678,2.959725854231842,7.232796464980163,6.052342789579887,0.46248173505908724,11.436502449212625
UnPickable\fresa_372.jpg,UnPickable,0,1.5089317312949089,3.0950614640870215,6.84337266294115,5.695921472802452,0.6812673017014543,32.762709970226055
UnPickable\fresa_373.jpg,UnPickable,0,1.474110514432829,3.544179358875655,6.9812769817214955,5.537857712993181,0.3679467844781299,25.716428980095838
UnPickable\fresa_374.jpg,UnPickable,0,1.5053021416826138,2.7467592733907695,7.763179040706412,4.275869478360084,0.4987414474449378,21.064926731458563
UnPickable\fresa_375.jpg,UnPickable,0,1.6096369389755187,2.9150779136823313,5.469657944040527,5.435230110621519,0.5468568004968167,16.41776932440714
UnPickable\fresa_376.jpg,UnPickable,0,1.44612068894848,3.122707603469768,5.715368915703383,4.585278252629564,0.45831457536828063,30.749949435994413
UnPickable\fresa_377.jpg,UnPickable,0,1.358960714722477,3.051178752790465,6.728618121722107,5.380700994818981,0.7094339445783931,32.112231384147194
UnPickable\fresa_378.jpg,UnPickable,0,1.6451736151389078,3.221309782216371,7.41497093306811,5.434670910451556,0.5111023272909969,27.078282986305105
UnPickable\fresa_379.jpg,UnPickable,0,1.522301415337863,2.9392531672319735,7.586304415493881,5.39738712079987,0.6081116558270793,30.249950887077333
UnPickable\fresa_380.jpg,UnPickable,0,1.5725729132156485,2.817339529051783,6.670929505506423,5.727578830313119,0.5733567432421346,14.430360189014163
UnPickable\fresa_381.jpg,UnPickable,0,1.4980621916362449,3.414719849633658,5.450655931785756,5.528797573117486,0.5230560034925125,25.79179646990838
UnPickable\fresa_382.jpg,UnPickable,0,1.577762306517632,3.084708525240667,4.909074661155961,4.852359118272725,0.39259754301807015,21.763163867863593
UnPickable\fresa_383.jpg,UnPickable,0,1.6264737564954697,2.7573249899424264,6.7667167008796465,5.243786111068783,0.3836810329051717,25.836069771689402
UnPickable\fresa_384.jpg,UnPickable,0,1.6366326320026794,2.927370475805132,6.518889405554425,5.951555052694363,0.3898599429030017,21.551323659869134
UnPickable\fresa_385.jpg,UnPickable,0,1.4726545925220274,2.9838155964139257,7.217729148661202,6.520778428165232,0.48733271531449135,22.833150288605097
UnPickable\fresa_386.jpg,UnPickable,0,1.464784767780147,2.6975632490037227,7.8799282604987635,4.91594648798402,0.4907866420126548,21.253282837860873
UnPickable\fresa_387.jpg,UnPickable,0,1.5394868235432706,3.150285448199207,6.091112418635047,5.710480094007701,0.6173529392066611,20.547670616909066
UnPickable\fresa_388.jpg,UnPickable,0,0.82452231100264,3.801990174057379,12.273089134100008,3.144328885579204,0.9484795073330115,44.11660269752067
UnPickable\fresa_389.jpg,UnPickable,0,1.5565796279806092,2.9216414336443317,6.533196496451671,5.741780364634693,0.383703038129244,22.830691295446133
UnPickable\fresa_390.jpg,UnPickable,0,1.428906128855294,2.8639149143062252,6.75887363060783,5.397115093798689,0.5851486965149998,23.692688818997272
UnPickable\fresa_391.jpg,UnPickable,0,1.2675301169323412,3.3233644459831657,7.098740046564342,6.112267537022907,0.6312314533631451,23.377496764861164
UnPickable\fresa_392.jpg,UnPickable,0,1.545001987007766,2.97795566116512,5.103640926483289,6.420833755773545,0.5211287910077488,28.940168531477052
UnPickable\fresa_393.jpg,UnPickable,0,1.5781245621341324,2.8383508523900955,9.22761548030861,5.585943935810751,0.4972499922530247,27.928689679779918
UnPickable\fresa_394.jpg,UnPickable,0,1.5643015204592934,2.583692399748859,6.64310225710173,5.066144786420801,0.687462967890935,27.877826801475468
UnPickable\fresa_395.jpg,UnPickable,0,1.6659442908732722,2.7799046921871695,8.019267505852335,4.776343427390235,0.4797017290268993,26.15706129497453
UnPickable\fresa_396.jpg,UnPickable,0,1.5852228841930465,3.1310198401058504,6.291780990950182,5.8721126834405055,0.4791751068059683,20.296817249114092
UnPickable\fresa_397.jpg,UnPickable,0,1.4611666628090545,3.2904505123398238,5.400273036067347,6.182156327083593,0.5961523970966085,21.777124260824294
UnPickable\fresa_398.jpg,UnPickable,0,1.5985425906031596,2.7592441012320896,5.914125682937402,5.377087276821089,0.6169628361138945,27.675841878720075
UnPickable\fresa_399.jpg,UnPickable,0,1.4915065246797634,2.5826844624345977,5.842863073121544,5.515945976868907,0.43112777487116977,26.643862878471456
UnPickable\fresa_400.jpg,UnPickable,0,1.6255284995074313,2.9982360711548597,5.088006819881237,5.382113284838834,0.634748825991244,29.54606037103476
UnPickable\fresa_401.jpg,UnPickable,0,1.523798779096048,2.9819894270179033,4.46981757538763,6.55364782265179,0.4615877360976368,27.41952464226374
UnPickable\fresa_402.jpg,UnPickable,0,0.8851244892490153,3.992079449402479,11.170959739339883,2.360595271582059,0.7554555249255533,43.02694256012041
UnPickable\fresa_403.jpg,UnPickable,0,1.522772375229446,2.849078312044683,6.245525062094382,5.886120450261939,0.541029285685035,28.897691850892343
UnPickable\fresa_404.jpg,UnPickable,0,0.8633696579951263,3.7087187581031302,11.670518428783746,1.9948544332421245,0.9507828257968852,42.8467520016564
UnPickable\fresa_405.jpg,UnPickable,0,1.3503427295856183,2.619573956701333,8.116273064881637,5.872573989991779,0.5533153063467392,24.7792536669417
UnPickable\fresa_406.jpg,UnPickable,0,1.5057739973274011,2.743723876454667,6.412129110955784,5.764984957862118,0.45525376432243747,25.402109626943204
UnPickable\fresa_407.jpg,UnPickable,0,0.7746245909138462,4.181163081431981,13.287934705329256,3.5227656247601455,0.913789139735921,45.21903593539336
UnPickable\fresa_408.jpg,UnPickable,0,1.5497803000756394,2.901916002822401,7.906536701704496,5.413664040405059,0.4416564894808928,18.517084706508236
UnPickable\fresa_409.jpg,UnPickable,0,1.5991918916410455,3.0971829121379097,7.29536391082303,5.153459058104317,0.50002766671758,31.958365998780383
UnPickable\fresa_410.jpg,UnPickable,0,1.7051103282261275,3.2354290118159827,7.129789181867839,5.238351270409759,0.412565312254353,17.589508581841578
UnPickable\fresa_411.jpg,UnPickable,0,0.9010886928133744,4.025583218056316,11.937151244412805,2.506333940677563,0.9118414122616583,43.87300737998231
UnPickable\fresa_412.jpg,UnPickable,0,0.8229284042381477,4.136521770224038,12.149500186713235,3.641939451713948,0.9371781375960665,41.0266376764023
UnPickable\fresa_413.jpg,UnPickable,0,1.3410423410799832,2.8413239018776357,7.618336780781003,5.485873264226556,0.6026104751778716,23.561504092493117
UnPickable\fresa_414.jpg,UnPickable,0,1.694777015621705,2.9069082797423644,6.690336432540516,4.6435886013716505,0.4860468114428168,24.792323193358712
UnPickable\fresa_415.jpg,UnPickable,0,1.3573729734965387,3.216791992566969,7.795857876248155,5.627454771412065,0.4051134435648288,16.04911555973601
UnPickable\fresa_416.jpg,UnPickable,0,1.5895523403431135,2.511336995441749,7.629921035439353,5.249414694537124,0.6584792136678141,33.38775627580667
UnPickable\fresa_417.jpg,UnPickable,0,1.269373050132643,2.7011853226316243,7.341083203876911,4.606570148467439,0.523535295299577,36.176156056448335
UnPickable\fresa_418.jpg,UnPickable,0,1.4948510630796692,2.8261083193607677,7.601992547095121,5.3260921643564885,0.44892305172337693,21.992393151064245
UnPickable\fresa_419.jpg,UnPickable,0,1.568322351123404,3.0081567641793048,7.159713040112529,5.451429451540404,0.39401712902885655,17.87660428613242
UnPickable\fresa_420.jpg,UnPickable,0,1.532523580037268,3.208614763826619,8.096676118270317,5.154278337015544,0.46360357158964877,28.346429852519694
UnPickable\fresa_421.jpg,UnPickable,0,1.495845955872145,3.211903338498612,4.909459974698479,5.189979520443028,0.6351265530463835,25.965966812939914
UnPickable\fresa_422.jpg,UnPickable,0,1.4175291095704796,2.809800796374176,6.240549543053698,4.873692991525615,0.43552912207755795,26.949527456114335
UnPickable\fresa_423.jpg,UnPickable,0,1.4093333831857662,3.1427382892813296,7.265154268682353,4.852544856268115,0.41440235570861067,18.65150077443487
UnPickable\fresa_424.jpg,UnPickable,0,1.6008628570441688,2.9089695248805656,8.562413291807669,6.44734875168334,0.41918406577056,20.77625714145228
UnPickable\fresa_425.jpg,UnPickable,0,1.5435729937712779,3.2908542912158265,5.3364160301894605,4.795575055054774,0.5776478272227777,24.693854059821806
UnPickable\fresa_426.jpg,UnPickable,0,0.8174733288387444,4.164660127673859,11.548232425511703,3.0842578827425355,0.832665149981522,44.16293829314912
UnPickable\fresa_427.jpg,UnPickable,0,1.520682683860689,3.2054741425627404,7.373390942142601,5.718383832255671,0.5356854371974944,19.26690910839432
UnPickable\fresa_428.jpg,UnPickable,0,1.4073297626953833,2.7879176830786876,8.20416273934904,5.482921262022361,0.5699441844154849,29.32647255823585
UnPickable\fresa_429.jpg,UnPickable,0,1.6022290866200026,3.1490441977578363,6.514570656592219,4.425628800512023,0.38359985855874734,25.09989667424231
UnPickable\fresa_430.jpg,UnPickable,0,1.6260974369428363,2.720398305092009,4.979299893623541,6.032148750508894,0.5317247357779837,25.57167576033321
UnPickable\fresa_431.jpg,UnPickable,0,1.4220149244602587,3.015715823766233,7.295011153438993,5.10084871806242,0.31958754900605335,17.54811407367449
UnPickable\fresa_432.jpg,UnPickable,0,1.5102020887076228,2.6702125389724007,7.718540017639296,6.57704722473085,0.5372875247078533,18.28210750726243
UnPickable\fresa_433.jpg,UnPickable,0,1.604824730208399,2.9655488331211797,7.412401163421175,5.250286601223808,0.28811013616033265,23.61513229566873
UnPickable\fresa_434.jpg,UnPickable,0,1.4358171469177412,2.836764744106128,7.386921281957577,4.896453121951247,0.2858835487943162,28.866230362487354
UnPickable\fresa_435.jpg,UnPickable,0,1.7034576779622546,2.799350972072381,7.550953345895236,6.077798232195605,0.4566299135551633,20.49434301257489
UnPickable\fresa_436.jpg,UnPickable,0,1.6510628957365354,3.04296606262116,6.241886551737849,5.286847289990928,0.46565428666301656,25.423545293562874
UnPickable\fresa_437.jpg,UnPickable,0,1.4721124052449297,3.1524849657721066,7.524481679953434,5.600779826785404,0.5415504398015638,18.276855723464358
UnPickable\fresa_438.jpg,UnPickable,0,1.5978772117795572,3.0185380062440728,7.783040303880206,5.9557238710795595,0.39177658087598494,18.701655846184174
UnPickable\fresa_439.jpg,UnPickable,0,1.6662196484813037,3.0573873974716634,6.972572588232881,4.998851305737439,0.6377753771380175,20.38884401444188
UnPickable\fresa_440.jpg,UnPickable,0,1.3755909544373461,3.1402151722284746,6.139087576244872,4.8108516142758715,0.3184175921364155,22.88721415014855
UnPickable\fresa_441.jpg,UnPickable,0,1.5619224209463034,3.239844408923971,6.377620273583437,5.475662585408681,0.5383259847995266,26.170703603418158
UnPickable\fresa_442.jpg,UnPickable,0,1.4855649813405085,3.199959806517845,7.636117022314071,5.993531972680054,0.5248529484898798,20.942279347675623
UnPickable\fresa_443.jpg,UnPickable,0,1.478346355169147,3.07698328381744,6.332948026822538,5.408105423650609,0.4553923943816424,12.794592175291704
UnPickable\fresa_444.jpg,UnPickable,0,1.5710306587025609,3.3958799699377495,8.196690410844571,5.290908392143921,0.3812641316469766,19.962274623566277
UnPickable\fresa_445.jpg,UnPickable,0,1.452292277251765,2.8945457639585888,7.17633014581859,6.192996751221205,0.5388100379412283,22.071944643752452
UnPickable\fresa_446.jpg,UnPickable,0,1.360024759483082,3.156408635604411,6.725662792783744,6.020924893632269,0.5176527143555094,26.393258469467945
UnPickable\fresa_447.jpg,UnPickable,0,1.3577837636620944,2.7673988888331813,7.779225460504828,5.488014282765,0.4014639249406657,23.772248879240703
UnPickable\fresa_448.jpg,UnPickable,0,1.4980264663915992,3.474930777146385,6.941123238245144,6.56515459225361,0.5956145572670383,18.401024618671602
UnPickable\fresa_449.jpg,UnPickable,0,1.5628901322405249,2.9466116203060118,9.04200528538181,5.2617945073055585,0.7789795571558444,28.160492973978457
UnPickable\fresa_450.jpg,UnPickable,0,1.4976123429779205,3.0276477969887052,8.349809617545901,5.635544903530472,0.4066017431633184,18.963271093488643
UnPickable\fresa_451.jpg,UnPickable,0,0.9253295836160385,4.1529764036137164,13.41183909145068,1.9023322207855866,0.9499446126266891,39.30020270227662
UnPickable\fresa_452.jpg,UnPickable,0,0.8897179274105499,4.175337571887198,11.059051672362063,2.8463485187816295,1.0084964903885203,47.808436082558636
UnPickable\fresa_453.jpg,UnPickable,0,1.6289312958609425,2.8271343599388286,5.026589726654753,6.04827350214247,0.5197031247936521,24.415131685686134
UnPickable\fresa_454.jpg,UnPickable,0,1.5530453331150065,2.624889103542177,7.734436835050252,5.420632586191086,0.6387533873735665,28.377371431110184
UnPickable\fresa_455.jpg,UnPickable,0,1.4254088952861266,2.941198390160975,7.379155948415265,4.768600986448684,0.6153354651799898,23.724061171190783
UnPickable\fresa_456.jpg,UnPickable,0,1.4711215343775161,3.404637396623588,7.1494968671509955,5.642930037424715,0.5306931022143814,28.223398638684152
UnPickable\fresa_457.jpg,UnPickable,0,1.6204689054282857,3.0289306249434578,5.575919840240757,5.415822720774022,0.613707163387452,24.918378917628917
UnPickable\fresa_458.jpg,UnPickable,0,1.4419697837825414,3.3419550079657103,8.461706928121552,5.68919237787598,0.424431856487615,28.400648666388186
UnPickable\fresa_459.jpg,UnPickable,0,1.4605264124881179,3.160808016533695,8.166113748440521,4.865926460920094,0.38396185429916985,29.034477982569864
UnPickable\fresa_460.jpg,UnPickable,0,1.4974935733573662,2.9049663782123263,6.523971402502684,5.655478867770877,0.4264510312073911,15.662575257492797
UnPickable\fresa_461.jpg,UnPickable,0,1.3935089133814054,2.7114605191282553,6.347500559124196,5.121987660112565,0.46633311501848906,25.978974422862947
UnPickable\fresa_462.jpg,UnPickable,0,1.5902368049644626,2.9557169643403016,6.473100160995831,5.931201393160042,0.7034333239876144,19.690172491535296
UnPickable\fresa_463.jpg,UnPickable,0,1.2810526127653317,3.118062016930826,7.720422482038183,5.534861910883927,0.26069827294410647,19.720323422083773
UnPickable\fresa_464.jpg,UnPickable,0,0.7852107701141455,3.97294915484684,10.67493189737474,2.7437632674407415,0.8565540924169842,38.50798252474336
UnPickable\fresa_465.jpg,UnPickable,0,1.4564841637350965,3.028163489602489,6.84480780878778,5.564388841551352,0.4157642421495861,23.2166189710293
UnPickable\fresa_466.jpg,UnPickable,0,1.3743418383311474,3.109217619123507,6.687501171102536,5.833972200130864,0.5727669283314137,20.140764663995693
UnPickable\fresa_467.jpg,UnPickable,0,1.528226348089585,2.920304935924398,5.614578321235152,6.310391325815025,0.6344064119234616,18.69816216127859
UnPickable\fresa_468.jpg,UnPickable,0,1.3288776397205861,2.7019201616361306,6.342491563078229,5.398705311864583,0.4494222181038253,27.093065950136452
UnPickable\fresa_469.jpg,UnPickable,0,1.5537350341502667,2.926194672249404,5.256656340483786,5.60333072535255,0.5405086861788386,17.868248776442076
UnPickable\fresa_470.jpg,UnPickable,0,1.5773623998816413,3.1058072028521977,7.887181804836867,5.122077635744767,0.6373995949136317,33.04812789554996
UnPickable\fresa_471.jpg,UnPickable,0,1.4424089654243972,2.8260788108521457,6.861026635240721,5.513894987528048,0.4755003333895769,21.27282913159751
UnPickable\fresa_472.jpg,UnPickable,0,1.4611104557296504,2.778877630710553,6.906853456808543,4.787296604996781,0.37171556626441504,17.755576069925667
UnPickable\fresa_473.jpg,UnPickable,0,1.594874479474998,2.7893993310531995,6.49251084712097,5.347142245941615,0.48512532407521536,20.46627763411179
UnPickable\fresa_474.jpg,UnPickable,0,1.43292552777486,2.9426996737291504,5.9410968654730985,6.255310378505479,0.5767154179315743,29.53536563217161
UnPickable\fresa_475.jpg,UnPickable,0,1.502250232708361,2.9643715860001345,4.900921830110648,5.504088361579539,0.482169426495331,17.952019828933125
UnPickable\fresa_476.jpg,UnPickable,0,1.5347616521427259,2.977646467344174,6.063270590687083,5.307029853640527,0.40674242593442705,25.243205247645303
UnPickable\fresa_477.jpg,UnPickable,0,1.6559959844159104,2.7342983194163826,6.384928276511633,5.264414255286273,0.6319394300162657,39.72727313000123
UnPickable\fresa_478.jpg,UnPickable,0,1.4496924780468914,2.994205147679227,6.467776907839635,5.037481887827919,0.4628886026681874,21.627994768222003
UnPickable\fresa_479.jpg,UnPickable,0,0.8102501943322021,3.950837772721501,12.293649063549381,3.5673141000219695,0.9598042348537262,38.476819830970044
UnPickable\fresa_480.jpg,UnPickable,0,1.6132007409404965,2.7984480419315965,7.7614518716849705,5.273792375729637,0.35810287270591656,25.638888817825666
UnPickable\fresa_481.jpg,UnPickable,0,1.2443273467771903,2.6168644205917486,5.904720468862001,5.113552064031414,0.4300079710417083,36.61657164139988
UnPickable\fresa_482.jpg,UnPickable,0,1.4731042689733727,2.764201208291725,6.021984662168221,6.375188823809721,0.5812135423408583,26.269683497672965
UnPickable\fresa_483.jpg,UnPickable,0,1.3090379673109775,2.8636505773008594,7.84589687411691,6.027590326902599,0.4982128345966662,25.85097732130709
UnPickable\fresa_484.jpg,UnPickable,0,1.3159925953296578,3.014896665456809,4.742432727936212,5.629187584351761,0.528006718791433,25.638806488631154
UnPickable\fresa_485.jpg,UnPickable,0,1.6956970120822463,3.067962350062428,6.618181187654355,5.151312756454946,0.4484530698329549,17.622626124662602
UnPickable\fresa_486.jpg,UnPickable,0,1.5211279807503826,2.9923850232499047,7.640219155225806,6.177464048792695,0.48112032643722463,22.568132489985768
UnPickable\fresa_487.jpg,UnPickable,0,1.6483486999976822,3.0321608062439185,7.02555616369061,6.47908642078692,0.6322205218936925,28.02954107198553
UnPickable\fresa_488.jpg,UnPickable,0,1.4758589925582974,2.7596712627311746,6.458125665992585,5.483402512888695,0.5141752355545384,23.55824722229544
UnPickable\fresa_489.jpg,UnPickable,0,1.554045273239518,3.145941539433774,7.541315062250078,5.68954707052155,0.49830825233952913,32.56086820468679
UnPickable\fresa_490.jpg,UnPickable,0,1.4568333229362518,3.1494894438798324,6.318532047976499,5.769653149590557,0.562132397377562,22.09389132099553
UnPickable\fresa_491.jpg,UnPickable,0,1.44530485532103,3.123131042178985,6.098066408517438,6.24255235770964,0.3904361097085419,19.250235088834327
UnPickable\fresa_492.jpg,UnPickable,0,1.4925361423876218,2.8871866700582633,7.132358851068146,5.799204048994976,0.4319947430963342,18.06563633934296
UnPickable\fresa_493.jpg,UnPickable,0,1.5128332272283562,2.9697347266292202,6.796919788308044,5.676679502167058,0.36228048642107424,37.35064636797399
UnPickable\fresa_494.jpg,UnPickable,0,1.6533269437661529,2.8932379712608274,7.469577951772661,5.366876144180109,0.5332774490555692,32.8251814302959
UnPickable\fresa_495.jpg,UnPickable,0,1.4803171993927087,2.7229459340592443,8.05746249521924,5.224399143051272,0.5866202704183316,23.912001008899882
UnPickable\fresa_496.jpg,UnPickable,0,1.5379839225856784,2.9189770602580443,8.239861285475829,5.686683440100568,0.557511325070908,28.45195287910594
UnPickable\fresa_497.jpg,UnPickable,0,1.4743076628648193,2.677405699404256,4.571897342293434,5.617827109158486,0.5626538612044492,32.413229594803965
UnPickable\fresa_498.jpg,UnPickable,0,1.514486810097479,2.633256218821684,7.246716567877965,5.355942812304189,0.37064277865155926,25.898708489706653
UnPickable\fresa_499.jpg,UnPickable,0,1.3688823294925074,3.099204545083517,7.463812219561902,5.004284169101391,0.47323109323002743,28.717788273516092
UnPickable\fresa_500.jpg,UnPickable,0,1.6091422263887702,3.097725381118384,7.746362224594279,5.42477842091482,0.6470383343522306,18.58211709151699
UnPickable\fresa_501.jpg,UnPickable,0,1.447912386295691,3.1552751022601577,6.609104914126254,5.25741797257402,0.5568248323512082,16.189292210604485
UnPickable\fresa_502.jpg,UnPickable,0,1.5041533477671627,2.9001984628434614,6.621627037005911,5.5786378578115166,0.6676755319234667,28.39061041127985
UnPickable\fresa_503.jpg,UnPickable,0,1.4785849502584143,2.9936997928783757,7.2836223546723895,6.023962219597466,0.5649519484813215,21.200841686938702
UnPickable\fresa_504.jpg,UnPickable,0,1.5984647877585183,3.095113048745552,6.158485389538096,5.935862882553774,0.7018092168556609,31.521553581481314
UnPickable\fresa_505.jpg,UnPickable,0,1.5521664340863768,2.9141803953867234,5.304139035901008,6.202743893638521,0.4365566711206188,21.19458264224333
UnPickable\fresa_506.jpg,UnPickable,0,1.501299320277798,2.581425975946498,7.621862321191852,4.572688374516875,0.33671959700153914,32.01749854168466
UnPickable\fresa_507.jpg,UnPickable,0,1.5175000619109293,3.437807436176029,7.596665586751873,6.213255424787137,0.35929414659379355,21.975952886004173
UnPickable\fresa_508.jpg,UnPickable,0,1.5343439444860387,3.2380001336375748,5.770394349820893,4.863657045924089,0.39304187541854685,23.38566565996066
UnPickable\fresa_509.jpg,UnPickable,0,0.6104864607499593,4.124682605055266,12.757210247991688,2.767347140008081,0.9366587420895025,47.58877285341953
UnPickable\fresa_510.jpg,UnPickable,0,1.55069596102164,3.008973926387198,6.065714080533937,5.448067233184956,0.44915468319486174,23.207205111996412
UnPickable\fresa_511.jpg,UnPickable,0,1.6285207042051688,2.8316864978348937,7.29734824090166,5.796527921228393,0.5608262178087529,22.92663519313716
UnPickable\fresa_512.jpg,UnPickable,0,1.6618424512514614,3.0086439048095888,5.672223781675892,5.0016172533274155,0.4946569614155443,25.253313419561515
UnPickable\fresa_513.jpg,UnPickable,0,1.5614415351384856,3.050574940189047,6.927913996740015,5.806424102068846,0.5598251412324882,22.88077475799596
UnPickable\fresa_514.jpg,UnPickable,0,1.3677391022356131,2.71933646646608,6.205841311549471,4.589809560499024,0.6655935575469176,21.756418757076553
UnPickable\fresa_515.jpg,UnPickable,0,1.6747841204661857,2.899074420873183,6.412240025194577,6.0890120969789505,0.5165852956006727,19.139335730440575
UnPickable\fresa_516.jpg,UnPickable,0,1.7149909566697528,3.10655268533952,7.232917845287734,4.941891420969353,0.2953341241790899,21.260952942416168
UnPickable\fresa_517.jpg,UnPickable,0,1.4635899686935865,3.296618408918748,7.517599371984153,6.613081329864571,0.5504178318025722,17.610676022572516
UnPickable\fresa_518.jpg,UnPickable,0,1.4586000744564276,3.1173694956698133,5.975527710845511,5.199636816119213,0.5831351956399478,25.153607467155098
UnPickable\fresa_519.jpg,UnPickable,0,1.2941104505235523,2.91546356270694,8.382103492368326,5.3891192703009825,0.6334670679214494,18.59856123096086
UnPickable\fresa_520.jpg,UnPickable,0,1.5779242987194666,2.7397578126173814,6.071709033429483,5.3609812051287555,0.5470894291977333,19.282378853394967
